_c0,time
115815,2021-12-06 08:44:55.027
117879,2022-01-02 21:14:25.904
117879,2022-01-02 21:14:27.78
119870,2022-02-09 21:58:25.579
121165,2022-04-01 03:15:38.986
122472,2022-06-17 12:14:02.33
122995,2022-07-01 11:01:26.391
123520,2022-08-01 03:07:46.004
123908,2022-09-01 10:32:20.842
124423,2022-10-05 03:11:00.114
124974,2022-11-05 03:14:26.132
125508,2022-12-05 09:36:32.645
127603,2023-02-06 14:30:12.104
134643,2023-03-06 12:07:38.075
128774,2023-04-05 12:06:03.79
128774,2023-04-05 12:06:03.79
126948,2023-05-05 13:03:05.063
